Entity,Department,Employees_With_OT,Median_OT,P25_OT,P75_OT,Lowest_OT,Highest_OT,Employees_100K_OT,Pct_100K_OT
JUVENILE JUSTICE COMMISSION,NEW JERSEY TRAINING SCHOOL/CIVILIAN,202,37576.36,18312.96,69415.6,83.64,192869.09,25,12.38
CORRECTIONS,ADULT DIAGNOSTIC AND TREATMENT CENTER,380,37484.42,14018.16,66275.82,13.12,163464.49,37,9.74
HUMAN SERVICES,OFFICE OF THE ASSISTANT COMMISIONER,75,29239.06,12272.84,46862.9,49.74,204665.6,4,5.33
CORRECTIONS,NORTHERN STATE PRISON,720,27442.12,10959.05,54880.46,15.29,249870.12,47,6.53
JUVENILE JUSTICE COMMISSION,JOHNSTONE CAMPUS/CIVILIAN,163,26446.38,7378.54,61480.68,50.06,157018.57,12,7.36
CORRECTIONS,EAST JERSEY STATE PRISON,390,26012.86,10497.88,53261.8,6.65,206993.36,21,5.38
CORRECTIONS,NEW JERSEY STATE PRISON,698,25261.94,11606.88,50255.49,28.64,170767.91,37,5.3
TRANSPORTATION,RESEARCH AND DATA TECHNOLOGY,16,24305.59,4148.18,32874.17,228.57,42178.76,0,0.0
CORRECTIONS,EDNA MAHAN CORRECTIONAL FACILITY FOR WOMEN,380,23635.04,9735.07,47188.46,9.66,201011.55,20,5.26
CORRECTIONS,BAYSIDE STATE PRISON,428,22489.62,9917.45,48359.39,29.13,271641.2,20,4.67
CORRECTIONS,SOUTH WOODS STATE PRISON,835,21745.4,9291.39,41934.74,8.12,207873.85,29,3.47
CORRECTIONS,MID-STATE CURRECTIONAL FACILITY,236,20892.29,9257.3,35508.66,224.0,121179.73,6,2.54
NEW JERSEY TURNPIKE AUTHORITY,OPERATIONS ADMINISTRATION,46,19997.82,6198.4,27325.13,132.56,48476.98,0,0.0
CORRECTIONS,GARDEN STATE YOUTH CORRECTIONAL FACILITY,637,19160.47,8311.02,41968.71,59.81,170305.86,20,3.14
HEALTH AND SENIOR SERVICES,ANN KLEIN FORENSIC CENTER,543,18415.52,5797.0,38781.12,15.22,166160.12,21,3.87
HEALTH AND SENIOR SERVICES,TRENTON PSYCHIATRIC HOSPITAL,768,18006.32,3794.52,42192.06,18.19,179235.69,22,2.86
NEW JERSEY TURNPIKE AUTHORITY,CARPENTER,14,18001.73,14105.69,20379.83,320.89,26846.99,0,0.0
SOUTH JERSEY TRANSPORTATION AUTHORITY,FLEET-STATE POLICE,3,17908.9,8995.55,18932.62,82.2,19956.35,0,0.0
NEW JERSEY TRANSIT CORPORATION,Not Provided,10752,17728.42,6748.9,34040.57,1.15,222733.09,151,1.4
TREASURY,DIVISION OF THE STATE LOTTERY,35,17203.76,7207.3,29044.5,487.2,40612.53,0,0.0
SOUTH JERSEY TRANSPORTATION AUTHORITY,TOLL REPAIR,4,16834.19,10235.97,20501.84,245.34,21700.75,0,0.0
TRANSPORTATION,REGIONAL OPERATIONS - NORTH,395,16579.94,8990.58,25004.14,3.29,96089.46,0,0.0
NEW JERSEY TURNPIKE AUTHORITY,TMD#8 (FDBA TPK 6),19,16386.98,8862.98,17184.26,3274.99,20247.73,0,0.0
NEW JERSEY TURNPIKE AUTHORITY,TMD#4 (FDBA CS/HIGHTSTOWN),17,16342.15,12293.44,19164.38,8707.41,28148.04,0,0.0
CORRECTIONS,OFFICE OF POLICY AND PLANNING,321,16193.39,5788.52,32043.1,38.12,126026.21,3,0.93
SOUTH JERSEY TRANSPORTATION AUTHORITY,CAMDEN COUNTY COLLEGE,1,15760.56,15760.56,15760.56,15760.56,15760.56,0,0.0
NEW JERSEY TURNPIKE AUTHORITY,TMD#9 (FDBA TPK 7),16,15737.97,13456.46,17499.15,2085.06,23108.93,0,0.0
HEALTH AND SENIOR SERVICES,GREYSTONE PARK PSYCHIATRIC HOSPITAL,916,15545.64,4724.76,32094.14,0.64,107656.03,2,0.22
NEW JERSEY TURNPIKE AUTHORITY,TMD#1 (FDBA TPK 1),17,15538.79,13203.72,17649.26,1703.43,23533.01,0,0.0
NEW JERSEY TURNPIKE AUTHORITY,TMD#10 (FDBA TPK 8),25,15510.31,13075.33,16603.11,7839.74,22911.52,0,0.0
HUMAN SERVICES,HUNTERDON DEVELOPMENTAL CENTER,681,14483.13,3811.71,37524.27,45.8,109968.86,4,0.59
NEW JERSEY TURNPIKE AUTHORITY,ROADWAY ADMINISTRATION,75,14190.28,11213.77,18631.16,2609.6,28386.22,0,0.0
JUVENILE JUSTICE COMMISSION,COMMUNITY PROGRAMS,216,14089.87,6168.12,26177.08,12.68,123332.98,1,0.46
NEW JERSEY TURNPIKE AUTHORITY,TECHNOLOGY DEVI TECH-TPK SOUTH,12,14013.04,8277.91,18865.0,1733.14,25158.46,0,0.0
NEW JERSEY TURNPIKE AUTHORITY,TMD#3 (FDBA TPK 3),23,13345.75,10377.48,14351.3,7768.96,27346.34,0,0.0
NEW JERSEY TURNPIKE AUTHORITY,TMD#5 (FDBA TPK 4),25,13249.6,9153.03,15945.4,444.9,30214.86,0,0.0
NEW JERSEY TURNPIKE AUTHORITY,PMD#1 (FDBA GSP 7),24,13133.97,7946.81,16192.3,1407.2,18138.2,0,0.0
NEW JERSEY TURNPIKE AUTHORITY,PMD#2 (FDBA GSP 6),28,12914.24,9706.35,14677.68,348.68,17062.13,0,0.0
NEW JERSEY TURNPIKE AUTHORITY,ELECTRIC,18,12804.6,7833.67,14813.49,253.13,23840.83,0,0.0
NEW JERSEY TURNPIKE AUTHORITY,TMD#2 (FDBA TPK 2),16,12605.82,9812.21,15779.52,6224.96,20329.23,0,0.0
NEW JERSEY TURNPIKE AUTHORITY,COMMUNICATIONS,12,12437.44,9820.17,17909.4,6407.94,36860.01,0,0.0
NEW JERSEY TURNPIKE AUTHORITY,PMD#3 (FDBA GSP 5),36,12348.11,8550.24,15562.32,3616.07,18688.6,0,0.0
LAW AND PUBLIC SAFETY,DIVISION OF CONSUMER AFFAIRS,135,12314.58,3949.04,27554.23,50.85,57303.42,0,0.0
SOUTH JERSEY TRANSPORTATION AUTHORITY,ROADWAY MAINTENANCE,70,12279.72,5419.41,18238.24,35.16,30037.11,0,0.0
TRANSPORTATION,REGIONAL OPERATIONS - CENTRAL,444,12256.0,6985.8,18604.03,119.43,112424.07,1,0.23
NEW JERSEY TURNPIKE AUTHORITY,TMD#6 (FDBA TPK 5),26,12187.6,6817.74,16958.45,2162.28,23279.88,0,0.0
LABOR,UNEMPLOYMENT INSURANCE AND DISABILITY,448,12109.02,4639.13,22471.79,43.93,49148.91,0,0.0
NEW JERSEY TURNPIKE AUTHORITY,PMD#4 (FDBA GSP 4H),30,11651.7,9385.33,13357.79,3284.84,16713.02,0,0.0
TRANSPORTATION,EMPLOYEE SUPPORT,8,11564.36,6906.01,14442.83,4584.6,159459.07,1,12.5
NEW JERSEY TURNPIKE AUTHORITY,INTERNAL AUDIT-SECURITY,14,11563.62,2988.71,16150.9,289.1,36360.06,0,0.0
SOUTH JERSEY TRANSPORTATION AUTHORITY,CAMDEN SHUTTLE,2,11313.4,11117.45,11509.34,10921.5,11705.29,0,0.0
MILITARY AND VETERANS AFFAIRS,VA - MENLO PARK,319,11248.54,3134.55,23308.46,9.38,127642.75,4,1.25
TRANSPORTATION,CAPITAL PLANNING,2,11245.78,10587.13,11904.42,9928.48,12563.07,0,0.0
LABOR,VOCATIONAL REHABILITATION COMMISSION,2,11195.14,6732.22,15658.05,2269.31,20120.96,0,0.0
TRANSPORTATION,SUPPORT SERVICES,96,11126.07,4266.47,18191.23,51.15,40073.4,0,0.0
OFFICE OF INFORMATION TECHNOLOGY,OFFICE OF EMERGENCY TELECOMMUNICATIONS SYSTEMS (OETS),1,11081.87,11081.87,11081.87,11081.87,11081.87,0,0.0
NEW JERSEY TURNPIKE AUTHORITY,BUILDING MAINTENANCE,102,10787.76,6295.51,16773.41,88.37,36187.75,0,0.0
NEW JERSEY TURNPIKE AUTHORITY,STATE POLICE,20,10697.69,7389.21,15200.2,951.93,25441.35,0,0.0
SOUTH JERSEY TRANSPORTATION AUTHORITY,SAFETY,2,10472.57,10207.14,10738.0,9941.71,11003.43,0,0.0
SOUTH JERSEY TRANSPORTATION AUTHORITY,FIREFIGHTERS,19,10174.6,6397.18,13047.8,400.65,19386.75,0,0.0
NEW JERSEY TURNPIKE AUTHORITY,OPERATIONS DISPATCHER,38,10068.95,4567.0,18748.04,1347.42,31639.72,0,0.0
NEW JERSEY TURNPIKE AUTHORITY,TMD#7(FDBA NORTHERN DIV),110,10035.24,6110.46,13654.62,466.31,28579.77,0,0.0
LABOR,UNEMPLOYMENT INCOME SECURITY,125,9982.29,4118.93,23451.4,23.49,64007.12,0,0.0
MOTOR VEHICLE COMMISSION,INFORMATION TECHNOLOGY,20,9647.27,4180.57,13812.04,363.56,51705.44,0,0.0
JUVENILE JUSTICE COMMISSION,EXECUTIVE AND ADMINISTRATION,49,9636.31,3022.24,18392.89,12.52,101930.33,1,2.04
CORRECTIONS,CENTRAL OFFICE,111,9579.49,2469.13,17586.84,35.3,47518.72,0,0.0
TRANSPORTATION,REGIONAL OPERATIONS - SOUTH,315,9545.37,5092.65,15258.44,14.09,65409.11,0,0.0
NEW JERSEY TURNPIKE AUTHORITY,AUTOMOTIVE,51,9514.97,6433.08,12544.23,135.61,19309.19,0,0.0
NEW JERSEY TURNPIKE AUTHORITY,TMD#2 (FDBA SOUTHERN DIV),88,9426.4,6562.8,12851.99,683.47,48900.5,0,0.0
STATE,DIVISION OF ELECTIONS,4,9108.9,4886.98,13555.45,2258.88,16857.39,0,0.0
NEW JERSEY TURNPIKE AUTHORITY,FINANCE BILLING,1,8868.41,8868.41,8868.41,8868.41,8868.41,0,0.0
NEW JERSEY TURNPIKE AUTHORITY,PMD#8 (FDBA GSP 1),28,8710.13,6307.63,11182.64,994.35,15131.65,0,0.0
NEW JERSEY TURNPIKE AUTHORITY,PMD#6 (FDBA GSP 3),68,8652.08,4713.62,11530.06,301.71,16449.65,0,0.0
NEW JERSEY TURNPIKE AUTHORITY,PMD#7 (FDBA GSP 2),40,8551.83,3750.18,12023.24,20.25,14127.29,0,0.0
NEW JERSEY TURNPIKE AUTHORITY,TECHNOLOGY DEVI TECH-TPK NORTH,26,8547.96,5073.76,14260.34,332.12,23642.09,0,0.0
SOUTH JERSEY TRANSPORTATION AUTHORITY,FLEET-HEAVY EQUIPMENT,16,8540.52,6061.96,12706.12,1650.84,17929.34,0,0.0
HEALTH AND SENIOR SERVICES,ANCORA PSYCHIATRIC HOSPITAL,1034,8487.04,2489.37,25020.0,2.56,145924.01,18,1.74
NEW JERSEY TURNPIKE AUTHORITY,PMD#5 (FDBA GSP 4),61,8428.28,4842.1,11741.37,43.94,19145.43,0,0.0
HUMAN SERVICES,NEW LISBON DEVELOPMENTAL CENTER,460,8312.74,2578.42,22965.21,13.24,85069.53,0,0.0
OFFICE OF INFORMATION TECHNOLOGY,"INFRASTRUCTURE AND SUPPORT SERVICES, TELECOMMUNICATIONS (ISS)",4,8254.5,611.96,20528.32,470.72,34563.4,0,0.0
NEW JERSEY TURNPIKE AUTHORITY,OFFICE SERVICES,2,8237.04,7112.43,9361.64,5987.82,10486.25,0,0.0
NEW JERSEY TURNPIKE AUTHORITY,INTERCHANGE 2,4,7994.55,978.75,19299.46,783.0,32362.56,0,0.0
MILITARY AND VETERANS AFFAIRS,VA - PARAMUS,331,7761.44,2850.73,20023.25,30.92,83157.8,0,0.0
LAW AND PUBLIC SAFETY,VICTIMS OF CRIME COMPENSATION OFFICE,2,7715.84,5251.5,10180.17,2787.17,12644.5,0,0.0
SOUTH JERSEY PORT CORPORATION,Not Provided,100,7701.13,1724.12,13234.64,17.58,79944.25,0,0.0
NEW JERSEY TURNPIKE AUTHORITY,PC SUPPORT,9,7679.51,4351.68,14265.95,713.96,21842.72,0,0.0
LAW AND PUBLIC SAFETY,STATE POLICE - CIVILIAN EMPLOYEES,863,7579.01,2718.62,17104.46,40.82,83724.44,0,0.0
NEW JERSEY TURNPIKE AUTHORITY,MAINTENANCE,34,7539.76,3657.45,22344.42,90.42,55000.0,0,0.0
HEALTH AND SENIOR SERVICES,OFFICE OF THE CHIEF STATE MEDICAL EXAMINER,57,7030.5,2408.34,12288.71,33.78,42150.16,0,0.0
ENVIRONMENTAL PROTECTION,DIVISION OF SOLID WASTE MANAGEMENT,2,6984.0,6899.34,7068.66,6814.69,7153.31,0,0.0
BANKING AND INSURANCE,BANKING,5,6960.72,5997.32,8944.42,5004.75,10889.8,0,0.0
SOUTH JERSEY TRANSPORTATION AUTHORITY,SIGN SHOP,5,6946.13,3326.52,7401.47,731.35,11074.89,0,0.0
MOTOR VEHICLE COMMISSION,"MOTOR VEHICLE AGENCY SERVICES, NORTHERN REGION",587,6650.39,3282.73,10571.62,2.46,31160.05,0,0.0
MOTOR VEHICLE COMMISSION,"MOTOR VEHICLE AGENCY SERVICES, SOUTHERN REGION",587,6605.18,3314.13,10159.9,8.29,24054.64,0,0.0
TRANSPORTATION,TRAFFIC OPERATIONS,242,6552.51,3412.31,14902.23,10.75,88049.48,0,0.0
TRANSPORTATION,OPERATIONS - DRAWBRIDGE,130,6463.66,1641.92,15772.81,30.96,45109.27,0,0.0
NEW JERSEY WATER SUPPLY AUTHORITY,MANASQUAN,18,6233.0,3187.17,8525.61,43.98,10610.46,0,0.0
NEW JERSEY TURNPIKE AUTHORITY,FACILITIES,7,6129.1,2745.36,8719.35,72.41,18878.9,0,0.0
NEW JERSEY TURNPIKE AUTHORITY,TOLLS ADMINISTRATION,22,6002.26,5272.26,8589.32,595.56,12247.41,0,0.0
TRANSPORTATION,AIR AND FREIGHT SERVICES,7,5866.89,1178.14,6619.06,266.34,12032.51,0,0.0
NEW JERSEY TURNPIKE AUTHORITY,ENTERPRISE RESOURCE PLANNING,1,5814.71,5814.71,5814.71,5814.71,5814.71,0,0.0
SOUTH JERSEY TRANSPORTATION AUTHORITY,BUILDINGS/CRAFTS/UTILITIES,24,5755.66,2834.24,14632.18,3.17,29295.69,0,0.0
LABOR,ADMINISTRATIVE SERVICES,43,5439.76,2904.06,11314.49,93.32,40116.18,0,0.0
NEW JERSEY TURNPIKE AUTHORITY,TECH DEVICE TECH GSP-NIGHTS,7,5424.89,2441.04,14387.72,34.66,29127.64,0,0.0
HUMAN SERVICES,WOODBINE DEVELOPMENTAL CENTER,530,5381.89,2092.33,14448.51,78.34,51179.79,0,0.0
NEW JERSEY TURNPIKE AUTHORITY,ROADWAY D8 SIGNS,9,5333.15,4075.44,11335.05,2896.57,12343.71,0,0.0
HUMAN SERVICES,GREENBROOK ADMINISTRATION,57,5222.72,1962.71,9616.77,48.69,56413.79,0,0.0
MOTOR VEHICLE COMMISSION,INSPECTION SERVICES,196,5193.98,1950.48,10886.05,39.82,28873.36,0,0.0
NEW JERSEY TURNPIKE AUTHORITY,INVENTORY,24,5188.64,3591.54,6717.96,427.6,8691.81,0,0.0
NEW JERSEY TURNPIKE AUTHORITY,JANITORIAL SERVICES,31,5162.68,2498.26,6882.88,797.43,54256.29,0,0.0
SOUTH JERSEY TRANSPORTATION AUTHORITY,JARC - CAMDEN,11,5064.28,2291.26,10847.97,241.5,15170.63,0,0.0
LAW AND PUBLIC SAFETY,ALCOHOLIC BEVERAGE CONTROL,27,4965.37,826.92,9190.42,273.56,15942.89,0,0.0
NEW JERSEY TURNPIKE AUTHORITY,INTERCHANGE 17,5,4939.76,1261.5,5332.95,735.48,8747.68,0,0.0
HUMAN SERVICES,DIVISION OF ADDICTION SERVICES,1,4924.2,4924.2,4924.2,4924.2,4924.2,0,0.0
NEW JERSEY TURNPIKE AUTHORITY,INTERCHANGE 5,5,4910.88,1000.5,5833.73,735.48,10112.48,0,0.0
NEW JERSEY TURNPIKE AUTHORITY,ENTERPRISE ASSET MANAGEMENT,2,4887.17,3109.75,6664.59,1332.33,8442.01,0,0.0
NEW JERSEY TURNPIKE AUTHORITY,DATABASE,3,4821.3,3141.27,10774.54,1461.23,16727.77,0,0.0
NEW JERSEY TURNPIKE AUTHORITY,INTERCHANGE 7,13,4742.95,3254.95,7655.37,522.0,20985.79,0,0.0
MILITARY AND VETERANS AFFAIRS,VETERANS HAVEN,28,4535.75,1085.62,19908.7,50.6,57521.82,0,0.0
LAW AND PUBLIC SAFETY,DIVISION OF CIVIL RIGHTS,2,4533.84,3483.82,5583.85,2433.8,6633.87,0,0.0
HUMAN SERVICES,NEW LISBON DEVELOPMENTAL CENTER -L.C.,10,4504.58,3007.15,5948.76,21.35,6612.65,0,0.0
NEW JERSEY TURNPIKE AUTHORITY,FINANCE ADMINISTRATION,1,4488.24,4488.24,4488.24,4488.24,4488.24,0,0.0
HUMAN SERVICES,VINELAND DEVELOPMENTAL CENTER,452,4451.08,1575.82,13000.55,25.06,91068.28,0,0.0
EDUCATION,MARIE H KATZENBACH SCHOOL FOR THE DEAF,71,4317.3,1823.57,9914.54,131.0,42350.49,0,0.0
HEALTH AND SENIOR SERVICES,DIVISION OF MENTAL HEALTH SERVICES,10,4272.35,3646.61,5585.45,205.22,68996.12,0,0.0
NEW JERSEY TURNPIKE AUTHORITY,FINANCE TREASURY,1,4269.03,4269.03,4269.03,4269.03,4269.03,0,0.0
LABOR,DISABILITY DETERMINATIONS,249,4259.27,3282.2,5962.84,23.16,32515.85,0,0.0
MILITARY AND VETERANS AFFAIRS,VA - VINELAND,411,4258.02,2176.72,10291.92,12.63,76792.19,0,0.0
NEW JERSEY ECONOMIC DEVELOPMENT AUTHORITY,COMMUNITY/BUSINESS DEVELOPMENT,1,4175.35,4175.35,4175.35,4175.35,4175.35,0,0.0
STATE,OFFICE OF SECRETARY OF STATE,2,4105.31,2987.9,5222.72,1870.5,6340.12,0,0.0
HUMAN SERVICES,DIVISION OF AGING SERVICES,6,4028.22,2208.04,5675.24,1125.26,80004.08,0,0.0
DIVISION OF ELDERLY ADVOCACY/OMBUDSPERSON FOR THE INSTITUTIONALIZED ELDERLY,DIVISION OF ELDER ADVOCACY,1,3994.38,3994.38,3994.38,3994.38,3994.38,0,0.0
MOTOR VEHICLE COMMISSION,"SECURITY, INVESTIGATIONS & INTERNAL AUDITS",11,3990.3,2928.54,6070.04,500.34,10854.56,0,0.0
SOUTH JERSEY TRANSPORTATION AUTHORITY,JARC PURELAND SHUTTLE,17,3986.67,1578.38,6226.19,25.5,18844.94,0,0.0
ENVIRONMENTAL PROTECTION,ENGINEERING AND CONSTRUCTION,24,3970.92,873.52,8866.56,72.24,42150.05,0,0.0
LABOR,LABOR RELATIONS & WORKPLACE STANDARDS,20,3917.24,3083.74,6401.56,852.55,34608.68,0,0.0
ENVIRONMENTAL PROTECTION,GREEN ACRES,2,3880.03,1948.3,5811.75,16.58,7743.48,0,0.0
ENVIRONMENTAL PROTECTION,PARKS & FORESTRY,401,3851.53,937.1,17175.6,12.0,145972.8,5,1.25
TRANSPORTATION,ACCOUNTING/AUDITING/CIVIL RIGHTS,5,3788.65,3594.1,4006.03,1180.78,17405.51,0,0.0
HEALTH AND SENIOR SERVICES,PUBLIC HEALTH & ENVIRONMENTAL & LABORATORIES,32,3779.43,1373.1,7207.92,241.2,9971.99,0,0.0
HUMAN SERVICES,HUNTERDON ADMINISTRATION,101,3752.0,936.02,11116.72,29.02,65265.89,0,0.0
OFFICE OF THE PUBLIC DEFENDER,OFFICE OF THE PUBLIC DEFENDER,17,3737.11,2189.41,6367.5,40.59,9249.62,0,0.0
NEW JERSEY TURNPIKE AUTHORITY,FINANCE PAYROLL,7,3558.01,1817.13,5442.93,989.23,6903.25,0,0.0
MILITARY AND VETERANS AFFAIRS,VETERAN HAVEN NORTH,76,3557.68,1598.18,11461.79,15.0,46067.93,0,0.0
NEW JERSEY HOUSING & MORTGAGE FINANCING AGENCY,OPERATIONS,8,3550.68,1967.15,19870.9,128.76,41027.32,0,0.0
LABOR,LABOR RELATIONS,20,3485.7,1899.4,5141.95,343.68,13305.73,0,0.0
TRANSPORTATION,CONSTRUCTION & MATERIALS,402,3425.04,1410.14,7303.57,47.78,52712.41,0,0.0
ELECTION LAW ENFORCEMENT,NEW JERSEY ELECTION LAW ENFORCEMENT COMMISSION,1,3424.3,3424.3,3424.3,3424.3,3424.3,0,0.0
TREASURY,CONSTRUCTION MANAGEMENT SERVICES,2,3422.37,2931.56,3913.18,2440.76,4403.98,0,0.0
HUMAN SERVICES,VINELAND DEVELOPMENTAL CENTER - SOUTHERN REGION,10,3382.59,1933.39,4159.37,215.45,9926.21,0,0.0
NEW JERSEY TURNPIKE AUTHORITY,FINANCE REVENUE CONTROL,10,3362.41,1844.02,5240.83,186.12,10373.36,0,0.0
SOUTH JERSEY TRANSPORTATION AUTHORITY,ROADWAY ADMINISTRATION,5,3357.01,842.4,3796.81,225.53,6091.79,0,0.0
TREASURY,ADMINISTRATION - CAPITAL POST OFFICE,19,3311.12,2119.32,4773.98,123.96,8340.12,0,0.0
HUMAN SERVICES,DIVISION OF FAMILY DEVELOPMENT,7,3275.0,1362.5,3975.0,625.0,8996.41,0,0.0
HUMAN SERVICES,GREEN BROOK REGIONAL CENTER-UPPER CENTRAL,5,3271.16,1617.41,3983.07,1133.7,5448.05,0,0.0
NEW JERSEY TURNPIKE AUTHORITY,SOFTWARE QUALITY ASSURANCE,1,3257.42,3257.42,3257.42,3257.42,3257.42,0,0.0
TRANSPORTATION,OFFICE OF THE COMMISSIONER,5,3084.7,3056.4,5106.16,1640.24,13902.01,0,0.0
ENVIRONMENTAL PROTECTION,SITE REMEDIATION,74,3063.1,839.2,6669.2,62.94,33013.81,0,0.0
SOUTH JERSEY TRANSPORTATION AUTHORITY,EMERGENCY SERVICE PATROL,13,3058.62,1777.86,7852.55,617.1,9789.87,0,0.0
AGRICULTURE,AGRICULTURE - FEDERAL FUNDS,10,3055.08,1412.8,3903.98,489.16,5654.81,0,0.0
NEW JERSEY TURNPIKE AUTHORITY,INTERCHANGE 15X,5,3032.7,783.0,4119.48,783.0,4939.77,0,0.0
CORRECTIONS,DIVISION OF PROGRAM AND COMMUNITY SERVICES,1,3028.1,3028.1,3028.1,3028.1,3028.1,0,0.0
CHILDREN AND FAMILIES,CHILDREN'S BEHAVIORAL HEALTH SERVICES,1,2986.43,2986.43,2986.43,2986.43,2986.43,0,0.0
TRANSPORTATION,DESIGN SERVICES,222,2958.94,1350.41,8320.05,32.43,81111.91,0,0.0
MILITARY AND VETERANS AFFAIRS,MILITARY AND VETERAN'S AFFAIRS,141,2953.15,1160.3,11662.24,36.71,74782.78,0,0.0
HUMAN SERVICES,GREENBROOK REGIONAL CENTER,175,2940.11,1815.6,5307.75,20.94,56396.58,0,0.0
NEW JERSEY TURNPIKE AUTHORITY,CONTRACTS & COMPLIANCE,2,2912.14,2412.97,3411.31,1913.8,3910.48,0,0.0
ENVIRONMENTAL PROTECTION,ENVIRONMENTAL REGULATIONS,26,2909.1,1546.62,5600.72,62.48,11538.43,0,0.0
NEW JERSEY SPORTS & EXPOSITION AUTHORITY,FACILITIES,5,2869.84,2136.02,10187.71,669.02,12773.74,0,0.0
NEW JERSEY TURNPIKE AUTHORITY,INTERCHANGE 6,36,2846.8,874.94,8686.72,245.16,36546.57,0,0.0
STATE PAROLE BOARD,NEW JERSEY STATE PAROLE BOARD,415,2846.39,1282.84,6111.22,45.45,109961.26,1,0.24
ENVIRONMENTAL PROTECTION,LAND USE MANAGEMENT,42,2846.12,313.42,8061.79,28.72,17299.83,0,0.0
NEW JERSEY TURNPIKE AUTHORITY,INTERCHANGE 14B,5,2824.32,783.0,4581.74,522.0,8144.36,0,0.0
NEW JERSEY TURNPIKE AUTHORITY,PROCUREMENT AND MATERIALS MGMT,3,2784.6,1416.18,4114.62,47.77,5444.65,0,0.0
TREASURY,DIVISION OF PURCHASE AND PROPERTY-DISTRIBUTION CENTER,25,2782.41,677.26,7047.76,243.72,28213.28,0,0.0
LAW AND PUBLIC SAFETY,DIVISION OF CRIMINAL JUSTICE,57,2773.4,688.38,8400.56,13.6,41850.66,0,0.0
CHILDREN AND FAMILIES,PREVENTION AND COMMUNITY PARTNERSHIP,2,2772.01,1538.3,4005.72,304.59,5239.43,0,0.0
CHILDREN AND FAMILIES,ESSEX AND NEWARK REGION,270,2753.22,851.47,8165.93,30.94,39131.31,0,0.0
NEW JERSEY TURNPIKE AUTHORITY,INTERCHANGE 12,14,2743.42,1018.64,4678.45,261.0,12955.19,0,0.0
TREASURY,ADMINISTRATIVE DIVISION,2,2738.22,1445.31,4031.13,152.4,5324.04,0,0.0
NEW JERSEY TURNPIKE AUTHORITY,INTERCHANGE 14,46,2735.24,783.0,5203.89,120.0,16644.01,0,0.0
LAW AND PUBLIC SAFETY,DIVISION OF LAW,16,2681.26,756.35,4431.13,16.05,11424.15,0,0.0
SOUTH JERSEY TRANSPORTATION AUTHORITY,CAMDEN SENIOR SERVICES,7,2673.76,1978.5,3666.06,349.5,4820.72,0,0.0
HUMAN SERVICES,VINELAND ADMINISTRATION,51,2627.96,818.38,10129.78,42.69,55651.43,0,0.0
NEW JERSEY TURNPIKE AUTHORITY,ASBURY PARK,29,2616.32,976.8,4294.49,120.0,9725.04,0,0.0
TRANSPORTATION,PROJECT MANAGEMENT,104,2603.06,837.11,5680.1,5.68,24171.88,0,0.0
NEW JERSEY TURNPIKE AUTHORITY,INTERCHANGE 16E,38,2579.67,837.77,4507.75,240.0,18792.54,0,0.0
NEW JERSEY TURNPIKE AUTHORITY,INTERCHANGE 4,24,2573.6,707.58,10760.13,126.87,25664.31,0,0.0
NEW JERSEY TURNPIKE AUTHORITY,ENGINEERING,39,2566.35,766.78,7893.14,59.27,21065.42,0,0.0
ENVIRONMENTAL PROTECTION,ENFORCEMENT,35,2540.41,493.4,8694.38,114.0,22274.75,0,0.0
AGRICULTURE,AGRICULTURE,5,2462.1,696.8,7052.77,122.76,16993.2,0,0.0
COMMUNITY AFFAIRS,COMMUNITY AFFAIRS,91,2432.9,597.94,7060.64,50.97,153766.98,1,1.1
NEW JERSEY TURNPIKE AUTHORITY,INTERCHANGE 1,31,2431.22,783.0,7842.96,126.85,36079.28,0,0.0
TRANSPORTATION,EXTERNAL AND GOVERNMENT AFFAIRS,30,2412.23,510.37,5858.09,97.2,23839.93,0,0.0
SOUTH JERSEY TRANSPORTATION AUTHORITY,STATE POLICE,25,2405.86,1127.36,14608.52,48.57,35800.25,0,0.0
CHILDREN AND FAMILIES,UNION/MIDDLESEX REGION,359,2356.91,918.82,5872.0,11.77,55033.84,0,0.0
NEW JERSEY TURNPIKE AUTHORITY,INTERCHANGE 10,26,2327.7,817.25,4667.64,261.0,17473.97,0,0.0
NEW JERSEY TURNPIKE AUTHORITY,TOMS RIVER,30,2320.74,729.45,3732.14,240.0,19537.1,0,0.0
NEW JERSEY TURNPIKE AUTHORITY,TECH DEVICE TECH GSP- DAYS,20,2313.72,1365.12,9804.69,320.89,31876.68,0,0.0
CHILDREN AND FAMILIES,CENTRAL OFFICE,167,2307.69,530.57,8812.62,5.61,46232.14,0,0.0
NEW JERSEY TURNPIKE AUTHORITY,INTERCHANGE 16W,17,2299.15,783.0,5069.49,240.0,18927.28,0,0.0
TRANSPORTATION,PLANNING,6,2285.45,574.31,4356.92,12.87,5685.5,0,0.0
CHILDREN AND FAMILIES,DCF ADMINISTRATION,2,2279.4,1298.88,3259.91,318.36,4240.43,0,0.0
NEW JERSEY TURNPIKE AUTHORITY,INTERCHANGE 15E,17,2277.47,735.48,6836.05,245.16,17993.7,0,0.0
SOUTH JERSEY TRANSPORTATION AUTHORITY,GLOUCESTER CTY SENIOR SERVICE,13,2258.25,218.63,2930.63,87.75,11935.18,0,0.0
Unknown,NONE LISTED,5,2253.4,1169.87,2478.35,384.44,2745.1,0,0.0
NEW JERSEY TURNPIKE AUTHORITY,PROJECT SERVICES,1,2252.74,2252.74,2252.74,2252.74,2252.74,0,0.0
NEW JERSEY TURNPIKE AUTHORITY,INTERCHANGE 7A,28,2217.61,1148.98,6584.96,240.0,24850.4,0,0.0
NEW JERSEY TURNPIKE AUTHORITY,BERGEN,40,2208.17,856.8,3697.44,186.3,10832.12,0,0.0
NEW JERSEY TURNPIKE AUTHORITY,UNION,45,2186.48,741.0,3653.32,124.2,9765.41,0,0.0
NEW JERSEY TURNPIKE AUTHORITY,GREAT EGG,31,2141.61,665.09,8052.32,124.2,20883.86,0,0.0
NEW JERSEY ECONOMIC DEVELOPMENT AUTHORITY,BUSINESS SERVICES/PROCUREMENT,1,2130.03,2130.03,2130.03,2130.03,2130.03,0,0.0
NEW JERSEY TURNPIKE AUTHORITY,BARNEGAT,31,2098.6,687.6,3459.22,120.0,22942.99,0,0.0
CHILDREN AND FAMILIES,SOUTHERN REGION,730,2069.85,585.78,6191.06,3.66,101340.51,1,0.14
CHILDREN AND FAMILIES,TRAINING ACADEMY AND ADMINISTRATION,3,2068.76,1272.66,3524.78,476.55,4980.8,0,0.0
TREASURY,PROPERTY MANAGEMENT SERVICES,49,2027.34,1009.86,3911.54,106.12,35222.56,0,0.0
NEW JERSEY TURNPIKE AUTHORITY,INTERCHANGE 18E,14,2016.16,712.38,5130.85,522.0,13648.08,0,0.0
NEW JERSEY TURNPIKE AUTHORITY,INTERCHANGE 8,5,2009.2,783.0,5148.47,783.0,5832.8,0,0.0
NEW JERSEY TURNPIKE AUTHORITY,ESSEX,34,2004.13,513.88,3316.11,121.1,10412.18,0,0.0
CHILDREN AND FAMILIES,NORTHERN REGION,702,1996.07,549.59,5852.68,16.84,45494.17,0,0.0
BOARD OF THE PUBLIC UTILITIES,BOARD OF PUBLIC UTILITIES,7,1986.82,1522.02,2483.18,215.64,3084.7,0,0.0
HEALTH AND SENIOR SERVICES,MANAGEMENT & ADMINISTRATION,17,1978.44,1256.85,3098.56,139.55,6937.35,0,0.0
HUMAN SERVICES,WOODBINE ADMINISTRATION,59,1960.76,1168.68,4953.01,47.89,15242.78,0,0.0
TREASURY,DIVISION OF PENSIONS AND BENEFITS,89,1936.32,705.6,4679.02,24.35,30085.11,0,0.0
NEW JERSEY TURNPIKE AUTHORITY,COMMUNITY & GOV'T RELATIONS,3,1915.78,1482.89,4529.3,1050.0,7142.83,0,0.0
HUMAN SERVICES,GREEN BROOK REGIONAL CENTER-NORTHERN REGION,11,1899.96,775.66,3118.02,464.09,7987.94,0,0.0
TRANSPORTATION,PROCUREMENT,6,1896.95,903.07,2622.22,659.04,3742.94,0,0.0
TREASURY,ADMINISTRATION - TRANSPORTATION SERVICES,40,1894.74,1117.54,5474.84,173.32,20034.89,0,0.0
NEW JERSEY TURNPIKE AUTHORITY,INTERCHANGE 13A,23,1888.05,767.16,3365.03,232.9,15788.22,0,0.0
HIGHER EDUCATION STUDENT ASSISTANCE AUTHORITY,Not Provided,22,1855.92,700.62,5354.69,73.86,34349.64,0,0.0
NEW JERSEY TURNPIKE AUTHORITY,INTERCHANGE 11,41,1829.01,720.0,7746.24,124.2,14546.86,0,0.0
TREASURY,OFFICE OF UNCLAIMED PROPERTY,12,1783.88,884.85,3047.31,145.08,4098.39,0,0.0
TRANSPORTATION,CAPITAL PROGRAM MANAGEMENT,42,1773.34,583.17,5315.22,101.43,25858.32,0,0.0
NEW JERSEY TURNPIKE AUTHORITY,INTERCHANGE 15W,32,1763.1,780.98,4272.97,240.0,19141.42,0,0.0
EDUCATION,CENTRAL OFFICE,4,1763.1,261.61,3608.25,146.45,4754.4,0,0.0
NEW JERSEY TURNPIKE AUTHORITY,INTERCHANGE 14A,10,1762.17,783.0,3841.48,730.32,14452.07,0,0.0
NEW JERSEY HOUSING & MORTGAGE FINANCING AGENCY,SINGLE FAMILY PROGRAMS,7,1744.2,1269.38,2999.58,105.1,4095.27,0,0.0
NEW JERSEY TURNPIKE AUTHORITY,TRANSPORTATION,3,1719.18,936.82,2574.37,154.47,3429.56,0,0.0
OFFICE OF INFORMATION TECHNOLOGY,"PRODUCTION SERVICES, SYSTEM COMMAND CENTER, STORAGE MANAGEMENT, PRODUCTION, ENTERPRISE AND SYSTEMS SUPPORT",115,1713.81,336.34,7028.5,14.84,36368.18,0,0.0
NEW JERSEY TURNPIKE AUTHORITY,INTERCHANGE 8A,21,1696.8,735.48,8876.44,480.0,22161.42,0,0.0
MOTOR VEHICLE COMMISSION,CUSTOMER INFORMATION AND ADVOCACY,4,1679.37,963.53,3306.65,179.34,6825.18,0,0.0
LAW AND PUBLIC SAFETY,GAMING ENFORCEMENT,22,1668.94,939.43,4386.98,314.76,9701.6,0,0.0
HUMAN SERVICES,DEVELOPMENTAL DISABILITIES,7,1621.23,610.05,4838.32,230.52,9604.42,0,0.0
NEW JERSEY TURNPIKE AUTHORITY,INTERCHANGE 14C,35,1602.75,767.16,5115.12,360.0,18489.58,0,0.0
NEW JERSEY WATER SUPPLY AUTHORITY,RARITAN,50,1598.97,407.24,5697.55,55.27,20426.53,0,0.0
NEW JERSEY TURNPIKE AUTHORITY,INTERCHANGE 3,8,1584.95,725.91,7228.62,240.0,28492.06,0,0.0
ENVIRONMENTAL PROTECTION,FISH AND WILDLIFE,102,1574.13,883.48,5314.36,2.68,23227.37,0,0.0
NEW JERSEY TURNPIKE AUTHORITY,INTERCHANGE 18W,40,1557.02,728.06,4602.17,120.0,19588.41,0,0.0
LEGISLATURE,OFFICE OF LEGISLATIVE SERVICES - ADMINISTRATION,81,1547.0,668.02,4713.2,19.54,11646.07,0,0.0
CHILDREN AND FAMILIES,CENTRAL REGION,349,1528.81,469.6,4874.49,23.36,91812.38,0,0.0
TREASURY,DIVISION OF TAXATION,157,1441.47,472.62,3733.12,11.72,19606.65,0,0.0
NEW JERSEY TURNPIKE AUTHORITY,INTERNAL AUDIT- AUDIT SECTION,8,1428.74,452.72,6005.05,258.41,7525.9,0,0.0
HUMAN SERVICES,DIVISION OF MEDICAL ASSISTANCE & HEALTH SERVICES,8,1405.38,598.96,5819.6,194.88,8441.08,0,0.0
NEW JERSEY TURNPIKE AUTHORITY,FINANCE T&R RPTG AND ANALYTICS,2,1348.6,793.94,1903.27,239.28,2457.93,0,0.0
NEW JERSEY TURNPIKE AUTHORITY,RARITAN SOUTH,36,1314.48,565.29,4333.09,120.0,15690.4,0,0.0
HUMAN SERVICES,NEW LISBON ADMINISTRATION,25,1309.54,493.14,12095.67,120.74,60869.85,0,0.0
SOUTH JERSEY TRANSPORTATION AUTHORITY,JARC - ENGLISH CREEK,9,1289.63,1109.25,2820.22,290.25,4627.15,0,0.0
NEW JERSEY TURNPIKE AUTHORITY,EAST ORANGE,22,1278.9,431.55,3330.05,124.2,16319.28,0,0.0
NEW JERSEY TURNPIKE AUTHORITY,INVENTORY ADMIN,7,1208.16,832.0,7772.46,388.55,10931.37,0,0.0
NEW JERSEY TURNPIKE AUTHORITY,FINANCE BUDGET SECTION,6,1196.06,971.37,4678.3,73.46,10700.05,0,0.0
NEW JERSEY TURNPIKE AUTHORITY,BRICK,22,1194.24,279.45,3271.54,124.2,18778.74,0,0.0
MOTOR VEHICLE COMMISSION,HUMAN RESOURCES/FINANCIAL MANAGEMENT/PROCUREMENT,6,1190.96,222.71,1987.66,44.18,3439.56,0,0.0
NEW JERSEY TURNPIKE AUTHORITY,INTERCHANGE 9,24,1155.3,522.0,4946.43,240.0,16142.91,0,0.0
SOUTH JERSEY TRANSPORTATION AUTHORITY,COMMODORE 295 BUSINESS PK,1,1137.38,1137.38,1137.38,1137.38,1137.38,0,0.0
CIVIL SERVICE COMMISSION,MERIT SYSTEMS PRACTICES & LABOR RELATIONS (MSP/LR),3,1125.0,812.5,2050.0,500.0,2975.0,0,0.0
OFFICE OF INFORMATION TECHNOLOGY,"CTO'S OFFICE, CAO OFFICE, INTERNAL MONITORING, EEO OFFICE, POLICY & PLANING, FACILITIES, PROJECT MANAGEMENT OFFICE",4,1120.6,401.88,1831.18,317.52,1891.12,0,0.0
ENVIRONMENTAL PROTECTION,OFFICE OF THE COMMISSIONER,50,1089.22,664.56,4832.59,48.75,22625.0,0,0.0
NEW JERSEY TURNPIKE AUTHORITY,INTERCHANGE 13,34,1069.29,735.48,5623.46,130.5,15700.45,0,0.0
MOTOR VEHICLE COMMISSION,COMPLIANCE AND SAFETY,36,1044.4,549.9,1936.27,137.2,12067.2,0,0.0
SOUTH JERSEY TRANSPORTATION AUTHORITY,ROWAN CAMPUS,16,1029.76,490.41,3752.18,85.5,19146.47,0,0.0
NEW JERSEY TURNPIKE AUTHORITY,FINANCE FINANCIAL REPORTING,2,1013.46,595.98,1430.95,178.49,1848.43,0,0.0
HUMAN SERVICES,CENTRAL OFFICE,52,996.82,618.97,2003.12,146.16,14955.8,0,0.0
NEW JERSEY ECONOMIC DEVELOPMENT AUTHORITY,CHIEF OF STAFF/EXTERNAL AFFAIRS,1,980.49,980.49,980.49,980.49,980.49,0,0.0
SOUTH JERSEY TRANSPORTATION AUTHORITY,T/S NON-GRANT ADMIN. SERV,3,972.02,546.6,1237.87,121.18,1503.72,0,0.0
MOTOR VEHICLE COMMISSION,FACILITIES AND SUPPORT SERVICES,9,930.24,417.18,1260.35,277.92,3475.43,0,0.0
COMMUNITY AFFAIRS,"COMMUNITY AFFAIRS, NON STATE FUNDED PAYROLL",35,921.14,515.5,1937.79,21.3,21805.93,0,0.0
HEALTH AND SENIOR SERVICES,"DIVISION OF EPIDEMIOLOGY,ENVIRONMENTAL&OCCUPATIONAL HEALTH SERVICES",3,913.74,612.9,1518.12,312.06,2122.5,0,0.0
JUDICIARY,COUNTY COURT -  MIDDLESEX,182,911.46,149.0,2533.4,7.15,17546.25,0,0.0
CIVIL SERVICE COMMISSION,CIVIL SERVICE COMMISSION,63,900.0,400.0,2712.5,125.0,6950.0,0,0.0
NEW JERSEY TURNPIKE AUTHORITY,ERP FINANCIAL,3,865.02,733.78,1626.46,602.55,2387.89,0,0.0
LAW AND PUBLIC SAFETY,OFFICE OF THE ATTORNEY GENERAL,11,845.39,202.62,1310.34,128.07,5825.0,0,0.0
MILITARY AND VETERANS AFFAIRS,BG DOYLE CEMETERY,28,834.8,479.24,1138.72,54.75,4853.19,0,0.0
TREASURY,OFFICE OF MANAGEMENT AND BUDGET,11,811.0,221.23,1202.82,35.22,2352.62,0,0.0
SOUTH JERSEY TRANSPORTATION AUTHORITY,ROUTE 54/40 SHUTTLE,5,807.38,792.01,4905.76,637.88,8112.85,0,0.0
NEW JERSEY SPORTS & EXPOSITION AUTHORITY,SW LANDFILL OPERATIONS,1,793.56,793.56,793.56,793.56,793.56,0,0.0
CHILDREN AND FAMILIES,OFFICE OF EDUCATION,29,734.75,381.06,1595.58,15.74,4082.34,0,0.0
JUDICIARY,JUDICIARY,94,725.92,372.48,1933.32,7.73,21871.34,0,0.0
JUDICIARY,COUNTY COURT -  HUNTERDON,18,715.74,375.34,1266.88,66.17,1855.18,0,0.0
HUMAN SERVICES,DIVISION OF DEAF AND HARD OF HEARING,1,712.5,712.5,712.5,712.5,712.5,0,0.0
HEALTH AND SENIOR SERVICES,HEALTH FACILITIES EVALUATION AND LICENSING,20,709.58,406.51,1490.6,201.99,3237.83,0,0.0
ENVIRONMENTAL PROTECTION,"ENVIRONMENTAL SAFETY, HEALTH AND ANALYTICAL PROGRAMS",8,687.76,341.92,1191.7,160.35,1401.82,0,0.0
OFFICE OF ADMINISTRATIVE LAW,OFFICE OF ADMINISTRATIVE LAW,10,647.04,374.85,2908.84,176.0,6371.86,0,0.0
MOTOR VEHICLE COMMISSION,BUSINESS AND GOVERNMENT OPERATIONS,37,644.58,376.83,897.0,74.66,5466.55,0,0.0
NEW JERSEY CASINO REINVESTMENT DEVELOPMENT AUTHORITY,SID GENERAL MAINTENANCE,10,591.56,396.77,1007.99,180.18,1612.65,0,0.0
JUDICIARY,COUNTY COURT -  SUSSEX,28,566.0,379.15,810.38,12.49,5797.55,0,0.0
TREASURY,DIVISION OF REVENUE,82,560.64,280.52,1859.92,55.16,16278.7,0,0.0
JUDICIARY,COUNTY COURT -  HUDSON,106,555.26,201.53,1200.53,3.61,25662.38,0,0.0
JUDICIARY,COUNTY COURT -  WARREN,33,546.5,33.43,847.57,10.36,8529.43,0,0.0
JUDICIARY,COUNTY COURT -  ESSEX,85,527.38,228.64,2122.21,13.31,10772.04,0,0.0
LABOR,UNEMPLOYMENT AND DISABILITY - INTERMITTENT & HOURLY,15,506.79,319.47,1847.53,29.64,24575.44,0,0.0
TRANSPORTATION,HUMAN RESOURCES,14,499.42,111.89,3341.02,53.4,9967.69,0,0.0
SOUTH JERSEY TRANSPORTATION AUTHORITY,TRANSPORTATION TECHNOLOGY,3,480.78,302.85,515.21,124.92,549.64,0,0.0
NEW JERSEY CASINO REINVESTMENT DEVELOPMENT AUTHORITY,SID WAREHOUSE OPERATION,2,460.33,293.02,627.64,125.7,794.96,0,0.0
NEW JERSEY TURNPIKE AUTHORITY,ELECTRONIC TOLLING,3,459.12,331.09,1054.02,203.06,1648.92,0,0.0
JUDICIARY,COUNTY COURT -  UNION,100,451.08,187.8,1685.16,15.21,14698.09,0,0.0
NEW JERSEY SCHOOLS DEVELOPMENT AUTHORITY,Not Provided,3,447.9,231.04,701.5,14.18,955.09,0,0.0
SOUTH JERSEY TRANSPORTATION AUTHORITY,EXECUTIVE DEPARTMENT,1,432.69,432.69,432.69,432.69,432.69,0,0.0
TRANSPORTATION,INFORMATION TECHNOLOGY,15,424.5,254.83,611.42,142.08,1024.64,0,0.0
SOUTH JERSEY TRANSPORTATION AUTHORITY,FINANCIAL SERVICES,1,421.31,421.31,421.31,421.31,421.31,0,0.0
JUDICIARY,COUNTY COURT -  SOMERSET,77,404.06,105.5,1118.34,3.46,18034.11,0,0.0
JUDICIARY,COUNTY COURT -  MORRIS,58,385.54,167.66,822.62,30.62,2980.75,0,0.0
NEW JERSEY TURNPIKE AUTHORITY,FINANCE GENERAL ACCOUNTING,3,354.91,226.44,2278.41,97.97,4201.91,0,0.0
MOTOR VEHICLE COMMISSION,"EXECUTIVE, POLICY & PLANNING/LEGAL & REGULATORY AFFAIRS",15,345.45,206.41,403.29,18.67,3537.5,0,0.0
JUDICIARY,COUNTY COURT -  ATLANTIC,51,344.0,123.77,643.28,11.33,3377.0,0,0.0
JUDICIARY,COUNTY COURT -  PASSAIC,61,333.23,147.5,560.5,4.42,2523.15,0,0.0
NEW JERSEY ECONOMIC DEVELOPMENT AUTHORITY,HUMAN RESOURCES OPERATIONS,1,328.82,328.82,328.82,328.82,328.82,0,0.0
JUDICIARY,COUNTY COURT -  BERGEN,86,325.61,120.96,584.66,9.9,9585.24,0,0.0
NEW JERSEY TURNPIKE AUTHORITY,HUMAN RESOURCES,15,325.45,224.39,721.92,29.92,1198.36,0,0.0
HUMAN SERVICES,NEW JERSEY COMMISSION FOR THE BLIND,35,300.68,204.13,968.54,10.73,3498.44,0,0.0
BANKING AND INSURANCE,INSURANCE,11,297.35,106.14,1461.98,53.4,15931.5,0,0.0
LAW AND PUBLIC SAFETY,HIGHWAY TRAFFIC SAFETY,2,289.92,270.61,309.24,251.29,328.56,0,0.0
NEW JERSEY TURNPIKE AUTHORITY,ITS ADMINISTRATIVE,3,289.77,268.34,2998.9,246.91,5708.04,0,0.0
SOUTH JERSEY TRANSPORTATION AUTHORITY,PROCUREMENT,2,289.58,287.79,291.38,285.99,293.17,0,0.0
JUDICIARY,COUNTY COURT -  CUMBERLAND,55,289.38,48.52,971.3,2.57,4122.12,0,0.0
NEW JERSEY TURNPIKE AUTHORITY,FINANCIAL PLANNING & ANALYSIS,2,288.99,253.72,324.26,218.46,359.52,0,0.0
SOUTH JERSEY TRANSPORTATION AUTHORITY,MARKETING - AIRPORT,2,285.38,239.84,330.92,194.29,376.47,0,0.0
JUDICIARY,COUNTY COURT -  GLOUCESTER,67,283.15,46.55,824.1,2.96,6364.09,0,0.0
JUDICIARY,COUNTY COURT -  MERCER,53,266.31,83.64,757.87,14.56,12562.19,0,0.0
TRANSPORTATION,OFFICE OF THE ASSISTANT COMMISSIONER,5,263.2,222.6,10245.74,53.17,19172.39,0,0.0
JUDICIARY,COUNTY COURT -  BURLINGTON,74,262.24,80.97,586.69,15.91,4103.33,0,0.0
NEW JERSEY TURNPIKE AUTHORITY,FINANCE ACCOUNTS PAYABLE,4,260.02,236.89,939.81,178.61,2968.1,0,0.0
SOUTH JERSEY TRANSPORTATION AUTHORITY,ACCOUNTING PAYROLL,4,249.97,206.12,661.83,102.41,1869.58,0,0.0
JUDICIARY,COUNTY COURT -  CAMDEN,87,249.9,53.55,707.04,5.02,7841.23,0,0.0
JUDICIARY,COUNTY COURT -  SALEM,16,232.38,127.51,614.8,25.55,5715.03,0,0.0
JUDICIARY,COUNTY COURT -  MONMOUTH,123,231.66,92.75,702.03,5.52,5368.27,0,0.0
NEW JERSEY TURNPIKE AUTHORITY,REVENUE AND EXPENDITURE SERV,3,226.13,146.25,1239.74,66.37,2253.35,0,0.0
NEW JERSEY CASINO REINVESTMENT DEVELOPMENT AUTHORITY,SID FULL TIME,23,212.5,114.1,626.92,0.87,1316.79,0,0.0
SOUTH JERSEY TRANSPORTATION AUTHORITY,INFORMATION SERVICES,7,203.74,55.48,344.95,31.33,928.84,0,0.0
NEW JERSEY TURNPIKE AUTHORITY,BUSINESS ANALYTICS SERVICES,2,177.8,157.12,198.49,136.44,219.17,0,0.0
SOUTH JERSEY TRANSPORTATION AUTHORITY,MEALS ON WHEELS,14,174.75,101.25,196.88,15.0,862.5,0,0.0
NEW JERSEY CASINO REINVESTMENT DEVELOPMENT AUTHORITY,EXECUTIVE/ADMINISTRATION,3,166.22,128.64,246.91,91.07,327.6,0,0.0
TREASURY,ADMINISTRATION - PRINT SHOP,5,160.65,122.7,319.31,104.85,1343.4,0,0.0
JUDICIARY,COUNTY COURT -  OCEAN,122,145.68,60.15,395.52,1.13,4389.69,0,0.0
NEW JERSEY TURNPIKE AUTHORITY,EXECUTIVE,1,142.48,142.48,142.48,142.48,142.48,0,0.0
NEW JERSEY TURNPIKE AUTHORITY,SOFTWARE DEV OPS SERVICES,2,137.6,133.87,141.32,130.14,145.05,0,0.0
NEW JERSEY TURNPIKE AUTHORITY,PRINT SHOP,3,129.7,117.48,6183.62,105.27,12237.54,0,0.0
JUDICIARY,COUNTY COURT -  CAPE MAY,16,118.0,63.52,411.19,13.68,970.88,0,0.0
ENVIRONMENTAL PROTECTION,"SCIENCE , ENERGY AND AIR QUALITY",4,113.56,84.7,2490.85,35.09,9585.77,0,0.0
NEW JERSEY CASINO REINVESTMENT DEVELOPMENT AUTHORITY,HUMAN RESOURCES,1,111.96,111.96,111.96,111.96,111.96,0,0.0
OFFICE OF INFORMATION TECHNOLOGY,CREATIVE SERVICES,1,55.06,55.06,55.06,55.06,55.06,0,0.0
SOUTH JERSEY TRANSPORTATION AUTHORITY,ACY PARKING,10,50.58,40.77,70.53,14.64,115.33,0,0.0
NEW JERSEY CASINO REINVESTMENT DEVELOPMENT AUTHORITY,PROJECT IMPLEMENTATION MA,1,41.46,41.46,41.46,41.46,41.46,0,0.0
NEW JERSEY CASINO REINVESTMENT DEVELOPMENT AUTHORITY,FINANCE,2,40.38,28.09,52.67,15.8,64.96,0,0.0
NEW JERSEY CASINO REINVESTMENT DEVELOPMENT AUTHORITY,SID SEASONAL,6,17.08,12.88,21.1,12.24,23.46,0,0.0
SOUTH JERSEY TRANSPORTATION AUTHORITY,ACY CUSTOMER SERVICE,1,14.64,14.64,14.64,14.64,14.64,0,0.0
